סמל יישוב,שם יישוב,NAME OF LOCALITY,צורת יישוב,אוכלוסיית המדד 2021[1],ערך מדד 2021[2],דירוג 2021[3] , אשכול 2021[4], אשכול 2019[4]
CODE OF LOCALITY,,,TYPE OF LOCALITY,INDEX POPULATION 2021[1],INDEX VALUE 2021[2],RANK 2021[3] , CLUSTER 2021[4] , CLUSTER 2019[4]
539,רומאנה,Rummane,450,"1,262",-1.424,29,2,2
528,עוזייר,Uzeir,290,"3,431",-1.410,30,2,2
997,רומת הייב,Rumat Heib,290,"2,152",-1.154,49,2,2
993,חמאם,Hamam,450,"1,558",-0.804,81,3,3
1346,תרבין א-צאנע (יישוב),Tarabin As-Sani,450,"1,234",-3.506,1,1,1
1360,סעוה,Sa'Wa,290,"2,145",-2.815,5,1,1
1358,אום בטין,Umm Batin,290,"4,697",-2.609,6,1,1
1343,מכחול,Makchul,450,"1,123",-2.535,7,1,1
1359,אל סייד,Al Sayyid,280,"6,281",-2.068,15,1,1
1367,כחלה,Kochlea,450,455,-1.160,48,2,2
1349,דריג'את,Derig'at,450,"1,307",-0.988,64,3,2
360,"גבעת ניל""י",Giv'at Nili,310,715,1.020,673,7,7
679,אביאל,Avi'el,310,820,1.159,735,8,8
773,עמיקם,Ammiqam,310,739,1.392,836,8,8
1366,נווה,Nave,310,"1,325",-1.280,40,2,2
399,בארי,Be'eri,330,"1,047",-0.951,67,3,3
1363,בני נצרים,Bne Netsarim,310,902,-0.554,118,4,4
413,צאלים,Ze'elim,330,470,-0.415,137,4,5
1085,כרם שלום,Kerem Shalom,330,194,-0.127,190,5,5
1239,חולית,Holit,330,202,-0.097,197,5,7
1364,שלומית,Shlomit,370,443,-0.015,221,5,5
695,מגן,Magen,330,537,0.035,230,5,5
403,אורים,Urim,330,504,0.077,240,6,6
69,ניר עוז,Nir Oz,330,393,0.140,254,6,6
1311,אבשלום,Avshalom,370,345,0.221,285,6,6
713,רעים,Re'im,330,433,0.264,310,6,5
352,גבולות,Gevulot,330,399,0.385,360,7,7
402,ניר יצחק,Nir Yizhaq,330,649,0.393,365,7,6
676,עין השלושה,En HaShelosha,330,296,0.419,380,7,6
1136,צוחר,Zohar,350,475,0.564,444,7,7
1051,תלמי אליהו,Talme Eliyyahu,310,321,0.586,449,7,7
840,כיסופים,Kissufim,330,292,0.669,495,7,6
1241,דקל,Deqel,310,381,0.683,504,7,7
602,נירים,Nirim,330,407,0.730,525,7,7
829,מבטחים,Mivtahim,310,463,0.753,543,7,7
1231,פרי גן,Peri Gan,310,252,0.795,562,7,7
1238,סופה,Sufa,330,227,0.906,620,7,7
1227,יתד,Yated,310,563,0.911,624,7,8
1046,אוהד,Ohad,310,413,1.032,679,7,7
1223,שדי אברהם,Sede Avraham,310,367,1.209,762,8,8
1232,יבול,Yevul,310,352,1.216,766,8,8
916,ישע,Yesha,310,429,1.321,806,8,9
1237,תלמי יוסף,Talme Yosef,310,339,1.363,822,8,8
1240,עין הבשור,En HaBesor,310,"1,114",1.371,828,8,9
318,עמיעוז,Ammi'oz,310,208,1.388,834,8,8
1058,שדה ניצן,Sede Nizzan,310,387,1.655,915,9,9
2006,כנות,Kannot,340,441,-1.930,19,2,1
739,שדה עוזיהו,Sede Uzziyyahu,310,"1,585",-0.136,187,5,5
2011,ינון,Yinnon,310,"1,215",0.374,355,7,6
817,עזריקם,Azriqam,310,"1,530",0.386,361,7,6
763,שתולים,Shetulim,191,"2,121",0.389,362,7,6
793,גבעתי,Giv'ati,310,"1,071",0.479,402,7,7
700,חצב,Hazav,310,"1,518",0.778,553,7,7
756,בית עזרא,Bet Ezra,310,"1,104",0.857,593,7,7
772,אמונים,Emunim,310,"1,011",0.885,611,7,7
1157,אחווה,Ahawa,350,157,0.963,649,7,8
1149,עזר,Ezer,350,811,0.976,654,7,8
406,חצור-אשדוד,Hazor-Ashdod,330,654,1.037,682,7,8
690,כפר אחים,Kefar Ahim,310,892,1.082,698,8,8
727,תלמי יחיאל,Talme Yehi'el,310,"1,022",1.196,752,8,7
320,כפר ורבורג,Kefar Warburg,310,"1,161",1.243,777,8,8
593,ערוגות,Arugot,310,"1,144",1.281,794,8,9
827,נווה מבטח,Newe Mivtah,310,691,1.308,801,8,9
2012,אורות,Orot,310,472,1.322,808,8,8
819,אביגדור,Avigedor,310,807,1.438,852,8,9
155,באר טוביה,Be'er Toviyya,310,"1,294",1.457,854,8,8
553,ניר בנים,Nir Banim,310,726,1.543,882,9,9
163,תימורים,Timmorim,320,743,1.715,937,9,9
234,ביצרון,Bizzaron,310,"1,248",1.741,949,9,9
475,דחי,Dahi,450,711,-0.915,72,3,3
512,כפר מצר,Kafar Misr,290,"2,801",-0.822,80,3,3
523,ניין,Nein,450,"1,959",-0.736,97,3,3
526,סולם,Sulam,290,"2,659",-0.694,101,3,3
1265,שומרייה,Shomeriyya,330,828,-0.725,98,3,3
397,חצרים,Hazerim,330,857,-0.246,163,5,5
2060,ברוש,Berosh,310,595,0.526,426,7,6
2061,תדהר,Tidhar,310,701,0.798,564,7,7
1198,כרמים,Keramim,330,526,0.854,590,7,7
396,נבטים,Nevatim,310,"1,068",0.861,596,7,7
2062,תאשור,Te'ashur,310,460,0.973,652,7,7
394,שובל,Shoval,330,869,1.204,757,8,8
2023,להב,Lahav,330,657,1.308,800,8,8
395,משמר הנגב,Mishmar HaNegev,330,"1,084",1.319,804,8,8
849,דבירה,Devira,330,"1,045",1.396,838,8,9
1344,גבעות בר,Geva'ot Bar,370,"1,308",1.437,851,8,9
598,בית קמה,Bet Qama,330,"1,420",1.584,891,9,9
144,גן שלמה,Gan Shelomo,330,591,1.087,702,8,8
562,בית אלעזרי,Bet El'azari,310,"1,576",1.186,747,8,8
147,גבעת ברנר,Giv'at Brenner,193,"2,694",1.229,770,8,8
615,קדרון,Qidron,310,"1,615",1.549,885,9,9
685,בניה,Benaya,310,764,1.639,912,9,9
196,גיבתון,Gibbeton,350,390,1.700,929,9,9
1072,גן הדרום,Gan HaDarom,310,633,1.301,799,8,8
857,כפר אביב,Kefar Aviv,310,823,1.607,903,9,9
764,כפר מרדכי,Kefar Mordekhay,310,657,1.730,945,9,9
765,משגב דב,Misgav Dov,310,714,1.806,959,9,9
555,שדמה,Shedema,310,586,1.836,965,9,9
731,מישר,Meshar,310,811,1.881,972,9,10
591,עשרת,Aseret,350,969,2.090,991,9,10
4006,קשת,Qeshet,320,862,-0.750,94,3,3
4005,חספין,Haspin,190,"2,070",-0.666,105,3,3
4017,אלוני הבשן,Allone HaBashan,320,472,-0.434,133,4,4
4014,נטור,Natur,310,910,-0.426,136,4,5
4304,נוב,Nov,310,"1,026",-0.216,170,5,5
4007,יונתן,Yonatan,320,802,-0.164,182,5,5
4019,מיצר,Mezar,310,322,-0.143,186,5,5
4701,רמת מגשימים,Ramat Magshimim,320,784,-0.059,206,5,5
4015,בני יהודה,Bene Yehuda,370,"1,129",0.046,233,5,6
4024,קלע,Qela,370,390,0.239,298,6,6
4011,אבני איתן,Avne Etan,310,811,0.240,299,6,6
4004,כפר חרוב,Kefar Haruv,330,478,0.488,411,7,7
4013,אורטל,Ortal,330,369,0.496,414,7,7
4503,עין זיוון,En Ziwan,330,427,0.526,425,7,7
4026,חד-נס,Had-Nes,370,877,0.527,427,7,7
4022,גשור,Geshur,330,310,0.597,454,7,7
4002,אלי-עד,Eli-Ad,310,457,0.612,463,7,7
4551,נאות גולן,Ne'ot Golan,310,670,0.612,464,7,7
4101,מרום גולן,Merom Golan,330,754,0.639,480,7,7
4301,אפיק,Afiq,330,357,0.642,483,7,7
4012,אניעם,Ani'am,310,502,0.682,501,7,7
4021,גבעת יואב,Giv'at Yo'av,310,728,0.682,502,7,7
4003,אל -רום,El-Rom,330,442,0.708,517,7,7
4204,מבוא חמה,Mevo Hamma,330,459,0.717,520,7,7
4303,"נווה אטי""ב",Newe Ativ,310,141,0.858,594,7,..
4010,אודם,Odem,320,175,1.084,699,8,8
4028,כנף,Kanaf,310,466,1.087,701,8,8
4009,שעל,Sha'al,310,316,1.187,748,8,8
4025,קדמת צבי,Qidmat Zevi,310,537,1.239,775,8,8
4702,רמות,Ramot,310,544,1.275,790,8,8
4008,מעלה גמלא,Ma'ale Gamla,310,574,1.388,833,8,8
3653,מעלה עמוס,Ma'ale Amos,370,822,-1.141,52,2,2
3794,בת עין,Bat Ayin,370,"1,672",-1.013,62,3,3
3754,אספר,Asfar,370,"1,114",-1.002,63,3,2
3561,מגדל עוז,Migdal Oz,330,566,-0.664,106,3,3
3488,כפר עציון,Kefar Ezyon,330,"1,278",-0.437,132,4,4
3726,נוקדים,Noqedim,190,"2,762",-0.056,207,5,5
3766,כרמי צור,Karme Zur,370,965,0.011,227,5,5
3563,תקוע,Teqoa,190,"4,312",0.130,252,6,5
3604,אלון שבות,Allon Shevut,190,"3,003",0.415,376,7,6
3602,ראש צורים,Rosh Zurim,330,948,0.463,395,7,7
3618,אלעזר,El'azar,190,"2,561",0.601,456,7,7
3781,קדר,Qedar,370,"1,617",0.633,475,7,7
3725,נווה דניאל,Newe Daniyyel,190,"2,360",0.724,523,7,7
3603,הר גילה,Har Gillo,370,"1,648",0.827,575,7,7
856,שעלבים,Sha'alvim,330,"1,886",-0.281,159,5,5
759,יציץ,Yaziz,310,826,0.479,404,7,7
711,עזריה,Azarya,310,"1,237",0.547,438,7,7
370,גזר,Gezer,330,311,0.654,491,7,7
64,"יד רמב""ם",Yad Rambam,310,"1,139",0.686,505,7,7
839,פתחיה,Petahya,310,886,0.704,514,7,7
838,פדיה,Pedaya,310,827,0.734,532,7,7
757,מצליח,Mazliah,310,"1,343",0.740,534,7,7
158,נען,Na'an,330,"1,771",0.756,547,7,7
301,בית עוזיאל,Bet Uzzi'el,310,650,0.843,583,7,7
828,ישרש,Yashresh,310,983,0.861,595,7,7
862,גני יוחנן,Ganne Yohanan,310,601,0.995,661,7,7
1333,נוף איילון,Nof Ayyalon,190,"2,081",1.121,721,8,7
435,נצר סרני,Nezer Sereni,330,945,1.133,725,8,8
670,משמר איילון,Mishmar Ayyalon,310,573,1.533,875,9,9
1050,בית חשמונאי,Bet Hashmonay,190,"2,166",1.585,892,9,9
160,חולדה,Hulda,330,"1,169",1.610,904,9,9
735,רמות מאיר,Ramot Me'ir,310,755,1.614,906,9,9
1103,גני הדר,Ganne Hadar,350,354,1.655,916,9,9
2010,כפר בן נון,Kefar Bin Nun,310,742,1.658,918,9,9
743,כפר שמואל,Kefar Shemu'el,310,970,1.693,927,9,9
610,סתרייה,Sitriyya,310,"1,092",1.735,946,9,9
177,"כפר ביל""ו",Kefar Bilu,310,"1,253",1.749,950,9,9
563,משמר דוד,Mishmar Dawid,330,"1,304",1.891,975,9,10
1264,כרמי יוסף,Karme Yosef,350,"1,757",2.262,994,9,10
156,עיינות,Ayanot,340,404,-1.728,21,2,2
597,פלמחים,Palmahim,330,743,1.329,810,8,8
853,גאליה,Ge'alya,310,942,1.505,870,9,9
159,בית חנן,Bet Hanan,310,523,1.537,879,9,9
582,כפר הנגיד,Kefar HaNagid,310,"1,223",1.682,926,9,9
311,גן שורק,Gan Soreq,310,701,1.808,961,9,9
1336,אירוס,Irus,370,830,1.861,968,9,9
174,נטעים,Neta'im,310,636,1.940,977,9,10
202,בית עובד,Bet Oved,310,253,1.966,981,9,10
1076,בית ברל,Bet Berl,340,226,-0.472,127,4,7
184,רמת הכובש,Ramat HaKovesh,330,"1,183",0.542,433,7,7
841,אלישמע,Elishama,310,"1,166",0.634,477,7,7
718,ירחיב,Yarhiv,310,"1,088",0.683,503,7,7
686,נווה ימין,Newe Yamin,310,"1,065",0.753,544,7,7
808,ניר אליהו,Nir Eliyyahu,330,564,0.869,599,7,7
716,אייל,Eyal,330,549,1.167,737,8,8
1148,צור נתן,Zur Natan,320,299,1.176,743,8,8
355,חורשים,Horeshim,330,351,1.177,744,8,8
705,נחשונים,Nahshonim,330,435,1.214,765,8,8
870,גבעת השלושה,Giv'at HaShelosha,330,900,1.258,786,8,8
871,עינת,Enat,330,841,1.281,793,8,8
1345,צור יצחק,Zur Yizhaq,180,"6,855",1.349,818,8,9
717,חגור,Hagor,310,"1,152",1.372,829,8,8
2015,שדי חמד,Sede Hemed,310,953,1.404,842,8,9
98,"כפר מל""ל",Kefar Malal,310,324,1.496,869,9,9
1315,מתן,Mattan,190,"3,630",1.524,874,9,9
858,נווה ירק,Newe Yaraq,310,"1,271",1.534,876,9,9
2035,עדנים,Adanim,310,509,1.538,881,9,9
230,מעש,Ma'as,310,836,1.548,884,9,9
249,כפר סירקין,Kefar Sirkin,310,"1,544",1.633,911,9,9
183,ירקונה,Yarqona,310,358,1.655,917,9,9
239,גן חיים,Gan Hayyim,310,811,1.716,938,9,9
128,גת רימון,Gat Rimmon,350,317,1.761,952,9,9
722,מגשימים,Magshimim,310,"1,090",1.805,958,9,9
207,"גבעת ח""ן",Giv'at Hen,310,364,1.807,960,9,9
206,רמות השבים,Ramot HaShavim,350,"1,694",1.844,966,9,9
198,צופית,Zofit,310,"1,327",1.876,971,9,10
284,שדה ורבורג,Sede Warburg,310,"1,436",1.895,976,9,10
218,גני עם,Ganne Am,350,235,1.951,978,9,9
1236,נירית,Nirit,370,952,2.396,995,9,10
95,בית אלפא,Bet Alfa,330,"1,333",-1.768,20,2,2
547,טמרה (יזרעאל),Tamra (Yizre'el),450,"1,654",-1.227,45,2,2
635,מוקייבלה,Muqeible,290,"4,258",-1.072,57,3,2
524,נאעורה,Na'ura,290,"2,392",-0.928,69,3,3
497,טייבה (בעמק),Tayibe(Baemeq),450,"1,964",-0.889,74,3,2
86,גבע,Geva,330,605,-0.612,112,3,3
89,עין חרוד (איחוד),En Harod (Ihud),330,540,-0.591,114,4,4
452,יזרעאל,Yizre'el,330,535,-0.506,121,4,4
113,אדירים,Addirim,310,278,-0.367,148,4,5
145,גדיש,Gadish,310,414,-0.280,160,5,5
636,צנדלה,Sandala,450,"1,678",-0.178,178,5,5
442,גדעונה,Gid'ona,350,505,0.122,247,6,6
1155,מגן שאול,Magen Sha'ul,310,735,0.184,272,6,6
84,תל יוסף,Tel Yosef,330,564,0.240,300,6,6
164,מלאה,Mele'a,310,375,0.265,312,6,6
1110,חבר,Hever,350,800,0.312,329,6,6
82,עין חרוד (מאוחד),En Harod(Me'uhad),330,780,0.317,332,6,6
2053,פרזון,Perazon,310,361,0.354,348,6,7
165,ניר יפה,Nir Yafe,310,730,0.391,364,7,7
1108,אומן,Omen,350,559,0.400,368,7,6
2052,אביטל,Avital,310,489,0.475,400,7,7
141,ברק,Baraq,310,396,0.558,441,7,7
90,חפצי-בה,Hefzi-Bah,330,757,0.628,474,7,7
2054,מיטב,Metav,310,460,0.644,484,7,7
242,בית השיטה,Bet HaShitta,330,"1,258",0.659,492,7,7
1274,גן נר,Gan Ner,190,"2,670",0.870,601,7,7
269,מולדת,Moledet,320,"1,096",0.954,643,7,7
339,רמת צבי,Ramat Zevi,310,765,1.061,690,8,7
833,נורית,Nurit,370,244,1.108,715,8,7
146,דבורה,Devora,310,218,1.113,719,8,8
85,כפר יחזקאל,Kefar Yehezqel,310,"1,158",1.194,751,8,8
1069,רם-און,Ram-On,310,984,1.356,819,8,8
667,ברעם,Bar'am,330,638,-1.353,35,2,2
578,סאסא,Sasa,330,411,-0.738,96,3,4
76,כפר גלעדי,Kefar Gil'adi,330,689,-0.006,223,5,5
1213,צבעון,Ziv'on,330,338,0.173,269,6,6
623,יראון,Yir'on,330,406,0.243,302,6,5
366,שמיר,Shamir,330,911,0.378,357,7,7
443,כפר הנשיא,Kefar HaNasi,330,955,0.379,358,7,7
596,מלכייה,Malkiyya,330,436,0.429,385,7,7
852,גונן,Gonen,330,368,0.472,398,7,7
347,מנרה,Menara,330,266,0.476,401,7,7
378,משגב עם,Misgav Am,330,358,0.546,436,7,7
302,דפנה,Dafna,330,995,0.611,462,7,7
319,עמיר,Amir,330,600,0.641,482,7,7
357,כפר בלום,Kefar Blum,330,765,0.647,486,7,7
308,מחניים,Mahanayim,330,815,0.649,487,7,7
35,גדות,Gadot,330,447,0.651,488,7,7
77,איילת השחר,Ayyelet HaShahar,330,"1,111",0.668,494,7,7
253,חולתה,Hulata,330,719,0.698,511,7,7
385,עמיעד,Ammi'ad,330,483,0.731,527,7,7
408,נאות מרדכי,Ne'ot Mordekhay,330,675,0.740,535,7,7
380,להבות הבשן,Lahavot HaBashan,330,896,0.752,542,7,7
1211,קדרים,Qaddarim,330,292,0.782,555,7,7
329,שדה נחמיה,Sede Nehemya,330,"1,271",0.830,576,7,7
345,כפר סאלד,Kefar Szold,330,717,0.888,614,7,7
416,מעיין ברוך,Ma'yan Barukh,330,722,0.942,635,7,7
453,יפתח,Yiftah,330,607,0.944,638,7,7
303,דן,Dan,330,781,0.956,646,7,7
356,הגושרים,HaGosherim,330,996,0.986,658,7,7
1132,שניר,Senir,330,641,1.152,732,8,8
1322,הודיות,Hodayot,340,303,-2.499,8,1,1
585,לביא,Lavi,330,616,-0.797,84,3,2
371,כדורי,Kadoorie,340,213,-0.757,91,3,3
307,הזורעים,HaZore'im,310,"1,108",-0.236,164,5,5
786,כפר זיתים,Kefar Zetim,310,793,-0.223,167,5,5
1162,בית רימון,Bet Rimmon,330,908,0.370,354,6,6
721,שדה אילן,Sede Ilan,310,658,0.604,460,7,7
365,בית קשת,Bet Qeshet,330,713,0.692,509,7,7
701,ארבל,Arbel,310,766,0.704,515,7,7
49,אילנייה,Ilaniyya,310,486,0.887,613,7,7
1190,מצפה נטופה,Mizpe Netofa,370,"1,054",0.893,617,7,7
306,שדמות דבורה,Shadmot Devora,310,687,1.063,691,8,8
58,מצפה,Mizpa,350,128,1.092,708,8,8
292,שרונה,Sharona,310,573,1.137,727,8,8
1293,גבעת אבני,Giv'at Avni,190,"2,099",1.151,731,8,8
255,כפר חיטים,Kefar Hittim,320,618,1.155,733,8,8
1258,מסד,Massad,370,387,1.296,797,8,9
388,כפר קיש,Kefar Kisch,310,655,1.375,830,8,8
1176,ספיר,Sappir,350,503,0.117,246,6,6
13,חצבה,Hazeva,310,693,0.617,466,7,7
806,עין יהב,En Yahav,310,802,0.751,539,7,7
1262,צוקים,Zuqim,370,346,0.769,549,7,7
1175,עידן,Iddan,310,407,1.087,700,8,8
1151,פארן,Paran,310,508,1.232,771,8,8
1150,צופר,Zofar,310,463,1.330,812,8,8
3723,פני חבר,Pene Hever,370,729,-1.381,32,2,2
3657,מעון,Ma'on,320,592,-0.534,120,4,4
3748,עתניאל,Otni'el,370,993,-0.307,155,5,5
3719,תלם,Telem,320,520,-0.266,162,5,4
3724,נגוהות,Negohot,370,468,-0.221,169,5,5
3764,חגי,Haggay,370,701,-0.166,181,5,5
3656,כרמל,Karmel,320,467,-0.077,203,5,5
3759,אדורה,Adora,370,474,0.049,234,5,5
3784,שמעה,Shim'a,370,886,0.089,241,6,6
3745,מצדות יהודה,Mezadot Yehuda,320,634,0.102,244,6,5
3756,סוסיה,Suseya,370,"1,376",0.129,251,6,5
3743,טנא,Tene,370,964,0.447,391,7,7
3777,סנסנה,Sansana,370,665,0.954,644,7,7
3722,אשכולות,Eshkolot,370,609,1.018,671,7,7
990,ראס עלי,Ras Ali,450,655,-1.931,18,2,1
890,כפר הנוער הדתי,Kefar HaNo'ar Hadati,340,376,-1.510,26,2,2
652,אבטין,Ibtin,290,"2,894",-1.363,33,2,2
1321,ח'ואלד,Khawaled,450,728,-1.315,37,2,2
178,רמת יוחנן,Ramat Yohanan,330,"1,017",-0.679,103,3,3
96,יגור,Yagur,330,"1,630",-0.358,150,4,4
237,שער העמקים,Sha'ar HaAmaqim,330,715,0.300,323,6,6
889,כפר חסידים ב',Kefar Hasidim Bet,350,305,0.490,412,7,7
254,כפר המכבי,Kefar HaMakkabbi,330,410,0.840,580,7,7
278,אושה,Usha,330,588,0.871,603,7,7
112,כפר חסידים א',Kefar Hasidim Alef,310,546,1.170,739,8,7
220,כפר ביאליק,Kefar Bialik,310,683,1.207,760,8,9
1284,נופית,Nofit,190,"2,551",2.033,988,9,10
1197,נאות סמדר,Ne'ot Smadar,330,227,-1.937,17,2,1
1156,סמר,Samar,330,270,-1.144,51,2,3
866,יטבתה,Yotvata,330,735,-1.033,59,3,3
1248,אליפז,Elifaz,330,166,-0.755,92,3,4
1052,קטורה,Qetura,330,506,-0.323,152,5,4
1126,אילות,Elot,330,362,-0.197,173,5,5
1255,לוטן,Lotan,330,201,0.362,351,6,6
1129,גרופית,Gerofit,330,252,0.447,390,7,6
1266,שחרות,Shaharut,370,179,0.465,396,7,7
21,באר אורה,Be'er Ora,370,"1,220",0.777,552,7,7
1158,יהל,Yahel,330,231,1.031,677,7,7
334,קבוצת יבנה,Qevuzat Yavne,330,951,-1.360,34,2,2
1094,כרם יבנה (ישיבה),Kerem Yavne(Yeshiva),340,538,-0.878,75,3,3
848,בית רבן,Bet Rabban,340,902,-0.872,76,3,4
760,בן זכאי,Ben Zakkay,310,"1,086",0.201,280,6,5
720,ניר גלים,Nir Gallim,320,"1,387",0.544,435,7,7
592,בני דרום,Bene Darom,320,950,0.912,625,7,7
571,בית גמליאל,Bet Gamli'el,310,"1,026",1.173,741,8,8
1084,בן שמן (כפר נוער),Ben Shemen(K.No'ar),340,666,-0.795,85,3,3
1141,מבוא מודיעים,Mevo Modi'im,370,248,-0.618,111,3,3
2038,ברקת,Bareqet,191,"2,191",-0.542,119,4,4
450,בארות יצחק,Be'erot Yizhaq,330,470,-0.486,126,4,5
804,אחיסמך,Ahisamakh,310,"1,418",-0.017,220,5,6
449,נחלים,Nehalim,310,"1,848",0.123,248,6,6
604,בית עריף,Bet Arif,310,"1,202",0.419,381,7,7
618,חדיד,Hadid,310,913,0.440,389,7,7
257,נופך,Nofekh,370,610,0.485,410,7,7
663,טירת יהודה,Tirat Yehuda,310,"1,211",0.749,537,7,7
802,"גבעת כ""ח",Giv'at Koah,310,887,0.852,586,7,7
745,גמזו,Gimzo,310,"1,198",0.962,648,7,7
784,בית נחמיה,Bet Nehemya,310,893,1.169,738,8,8
616,רינתיה,Rinnatya,310,"1,192",1.253,784,8,8
863,גינתון,Ginnaton,310,920,1.278,792,8,8
1166,כפר רות,Kefar Rut,310,284,1.566,887,9,9
673,כפר טרומן,Kefar Truman,310,907,1.601,898,9,9
1310,לפיד,Lappid,190,"2,322",1.639,913,9,9
606,מזור,Mazor,310,"1,330",1.713,936,9,9
1165,שילת,Shilat,310,788,1.721,939,9,9
2013,בן שמן (מושב),Ben Shemen (Moshav),310,876,1.727,943,9,9
707,כפר דניאל,Kefar Daniyyel,320,684,1.970,982,9,10
448,בני עטרות,Bene Atarot,310,960,2.016,984,9,10
107,כפר סילבר,Kefar Silver,340,406,-1.341,36,2,2
820,חלץ,Helez,310,484,-0.213,172,5,5
1419,ניצן ב',Nizzan B,350,375,-0.113,193,5,5
746,ברכיה,Berekhya,310,"1,252",-0.052,208,5,5
747,בית שקמה,Bet Shiqma,310,878,0.010,226,5,5
351,ניצן,Nizzan,190,"2,660",0.068,237,5,5
791,משען,Mash'en,310,"1,069",0.265,311,6,6
726,הודייה,Hodiyya,310,617,0.280,315,6,6
1376,באר גנים,Be'er Gannim,370,"1,966",0.533,429,7,7
1323,בת הדר,Bat Hadar,350,771,0.889,615,7,7
342,גברעם,Gevar'am,330,668,1.036,681,7,7
768,כרמייה,Karmiyya,330,595,1.107,714,8,8
584,זיקים,Ziqim,330,894,1.113,717,8,8
358,יד מרדכי,Yad Mordekhay,330,792,1.174,742,8,8
573,מבקיעים,Mavqi'im,310,509,1.226,769,8,7
744,תלמי יפה,Talme Yafe,320,810,1.246,779,8,8
699,ניר ישראל,Nir Yisra'el,310,892,1.299,798,8,8
359,ניצנים,Nizzanim,330,613,1.309,802,8,7
824,כוכב מיכאל,Kokhav Mikha'el,310,"1,104",1.322,807,8,8
706,גיאה,Ge'a,310,980,1.377,831,8,9
1242,נתיב העשרה,Netiv Haasara,310,900,1.477,862,9,9
694,מעגן מיכאל,Ma'agan Mikha'el,193,"2,068",-1.243,43,2,2
212,בית צבי,Bet Zevi,340,309,-1.237,44,2,2
1320,עין חוד,Ein Hod,450,318,-0.867,77,3,3
102,מאיר שפיה,Me'ir Shefeya,340,349,-0.850,79,3,3
427,כפר גלים,Kefar Gallim,340,378,-0.669,104,3,4
769,ניר עציון,Nir Ezyon,320,968,-0.590,115,4,4
327,שדות ים,Sedot Yam,330,"1,091",-0.350,151,5,5
612,צרופה,Zerufa,310,"1,152",0.754,545,7,7
312,נווה ים,Newe Yam,330,237,0.908,623,7,7
317,בית אורן,Bet Oren,330,560,0.956,645,7,7
74,עין הוד,En Hod,370,665,1.019,672,7,7
810,עופר,Ofer,310,660,1.033,680,7,7
53,עתלית,Atlit,170,"10,454",1.118,720,8,7
33,בת שלמה,Bat Shelomo,310,648,1.125,723,8,8
433,נחשולים,Nahsholim,330,700,1.200,754,8,8
290,מעיין צבי,Ma'yan Zevi,330,762,1.201,756,8,8
434,החותרים,HaHoterim,330,915,1.357,820,8,8
689,מגדים,Megadim,310,"1,388",1.367,826,8,9
683,גבע כרמל,Geva Karmel,310,"1,177",1.379,832,8,9
738,דור,Dor,310,451,1.390,835,8,9
426,עין כרמל,En Karmel,330,930,1.429,847,8,9
687,עין איילה,En Ayyala,310,"1,159",1.446,853,8,9
800,בית חנניה,Bet Hananya,310,923,1.620,907,9,9
580,"כרם מהר""ל",Kerem Maharal,310,768,1.712,935,9,9
675,הבונים,HaBonim,320,386,1.845,967,9,9
1167,קיסריה,Qesaryya,180,"5,783",1.998,983,9,9
232,שפיים,Shefayim,330,"1,346",0.591,452,7,7
287,תל יצחק,Tel Yizhaq,330,822,0.795,563,7,5
842,געש,Ga'ash,330,921,0.871,602,7,7
417,יקום,Yaqum,330,790,0.904,619,7,7
346,גליל ים,Gelil Yam,330,529,0.926,630,7,8
1024,חרוצים,Haruzim,350,906,1.038,683,7,7
288,בית יהושע,Bet Yehoshua,310,"1,118",1.596,896,9,9
446,אודים,Udim,310,"1,405",1.675,922,9,9
247,רשפון,Rishpon,310,"1,483",1.767,954,9,9
418,בני ציון,Bene Ziyyon,310,"1,334",1.867,969,9,9
316,כפר נטר,Kefar Netter,310,"1,159",1.884,974,9,10
389,בצרה,Bazra,310,"1,205",2.056,989,9,10
1324,ארסוף,Arsuf,350,174,3.632,996,10,10
1339,אל -עזי,Al-Azy,450,197,-1.686,23,2,1
1133,ורדון,Wardon,350,264,0.571,446,7,7
2045,נחלה,Nahala,310,705,0.624,471,7,7
393,גלאון,Gal'on,330,602,0.714,518,7,7
340,גת (קיבוץ),Gat(Qibbuz),330,943,0.944,637,7,7
16,בית ניר,Bet Nir,330,617,0.968,650,7,7
619,בית גוברין,Bet Guvrin,330,447,1.134,726,8,7
315,נגבה,Negba,330,967,1.193,750,8,8
2046,סגולה,Segulla,310,738,1.205,758,8,8
564,רבדים,Revadim,330,825,1.320,805,8,8
274,כפר מנחם,Kefar Menahem,330,"1,366",1.328,809,8,8
293,שדה יואב,Sede Yo'av,330,594,1.464,855,8,9
888,"כפר הרי""ף",Kefar Harif,310,844,1.652,914,9,9
767,פורת,Porat,310,"1,284",-0.154,183,5,5
170,כפר יעבץ,Kefar Ya'bez,310,676,0.148,256,6,6
2002,תנובות,Tenuvot,310,847,0.543,434,7,7
837,עזריאל,Azri'el,310,872,0.618,467,7,7
379,גאולים,Ge'ulim,310,985,0.826,574,7,7
661,שער אפרים,Sha'ar Efrayim,310,"1,956",0.869,600,7,7
753,ינוב,Yanuv,310,928,1.043,684,7,7
851,ניצני עוז,Nizzane Oz,310,"1,114",1.052,686,8,8
880,עין שריד,En Sarid,350,"1,647",1.158,734,8,8
1044,יעף,Ye'af,350,315,1.482,863,9,9
447,נורדייה,Nordiyya,320,"1,855",1.484,867,9,9
276,צור משה,Zur Moshe,190,"3,089",1.589,894,9,9
549,גנות הדר,Gannot Hadar,350,963,1.600,897,9,9
386,בני דרור,Bene Deror,320,"1,201",1.676,923,9,9
425,משמרת,Mishmeret,310,"1,049",1.702,931,9,9
187,כפר הס,Kefar Hess,310,"1,583",1.750,951,9,9
157,עין ורד,En Wered,310,"1,529",1.884,973,9,9
162,חירות,Herut,310,"1,260",2.073,990,9,10
32,עוצם,Ozem,310,753,-0.765,89,3,3
814,תלמים,Telamim,310,916,-0.293,157,5,5
821,אחוזם,Ahuzzam,310,551,0.149,257,6,6
36,שדה דוד,Sede Dawid,310,632,0.165,261,6,6
23,אמציה,Amazya,320,219,0.168,263,6,5
2030,מנוחה,Menuha,310,668,0.311,328,6,6
1374,כרמי קטיף,Karme Katif,370,649,0.315,331,6,6
1368,בני דקלים,Bne Dkalim,370,"1,569",0.332,339,6,6
55,נוגה,Nogah,310,578,0.333,340,6,6
44,זוהר,Zohar,310,343,0.349,346,6,6
1369,נטע,Neta,370,736,0.496,413,7,6
309,נהורה,Nehora,350,"1,195",0.604,459,7,7
7,שחר,Shahar,310,880,0.676,499,7,7
18,שדה משה,Sede Moshe,310,780,0.948,641,7,8
11,"ניר ח""ן",Nir Hen,310,578,1.075,695,8,8
1365,אליאב,Eliav,370,690,1.089,705,8,8
1233,שקף,Sheqef,310,602,1.162,736,8,9
775,יד נתן,Yad Natan,310,637,1.395,837,8,8
24,לכיש,Lakhish,310,800,2.016,985,9,10
730,אליפלט,Elifelet,310,695,0.228,289,6,6
2009,יובל,Yuval,310,644,0.497,415,7,7
843,מרגליות,Margaliyyot,310,416,0.510,420,7,7
732,משמר הירדן,Mishmar HaYarden,310,877,0.561,443,7,7
2063,דישון,Dishon,310,335,0.588,451,7,7
861,שדה אליעזר,Sede Eli'ezer,310,842,0.816,571,7,7
1253,אמנון,Amnun,310,455,0.876,604,7,7
372,רמות נפתלי,Ramot Naftali,310,545,0.926,631,7,7
324,שאר ישוב,She'ar Yashuv,310,631,0.926,632,7,7
322,בית הלל,Bet Hillel,310,796,1.060,688,8,7
1285,כרכום,Karkom,370,517,1.185,746,8,8
1252,כורזים,Korazim,350,339,1.225,767,8,8
1210,כחל,Kahal,310,473,1.331,813,8,9
130,משמר העמק,Mishmar HaEmeq,330,"1,266",-1.397,31,2,2
369,גלעד (אבן יצחק),Gal'ed (Even Yizhaq),330,497,-1.275,41,2,3
270,עין השופט,En HaShofet,330,882,-0.399,145,4,5
682,אליקים,Elyaqim,310,969,-0.321,153,5,5
250,הזורע,HaZorea,330,933,0.231,293,6,6
300,דלייה,Daliyya,330,844,0.266,313,6,6
703,גבעת עוז,Giv'at Oz,330,475,0.295,319,6,5
2029,מדרך עוז,Midrakh Oz,310,827,0.633,476,7,7
335,רמת השופט,Ramat HaShofet,330,"1,166",0.924,628,7,7
367,עין העמק,En HaEmeq,350,829,0.996,662,7,7
445,רמות מנשה,Ramot Menashe,330,"1,232",1.277,791,8,8
586,מגידו,Megiddo,330,859,1.337,814,8,8
241,יקנעם (מושבה),Yoqne'am(Moshava),310,"1,376",1.678,925,9,9
3786,אבנת,Avenat,370,233,0.209,282,6,6
3639,ורד יריחו,Wered Yeriho,310,364,0.429,384,7,7
3645,בית הערבה,Bet HaArava,330,451,0.485,409,7,7
3610,מצפה שלם,Mizpe Shalem,330,238,0.500,417,7,7
3556,אלמוג,Almog,330,255,0.505,418,7,7
3601,קליה,Qalya,330,489,1.009,668,7,8
1246,עראמשה*,Aramsha,450,"1,721",-0.928,70,3,3
658,שייח' דנון,Sheikh Dannun,290,"2,977",-0.752,93,3,3
376,עברון,Evron,330,858,-0.567,116,4,4
289,עין המפרץ,En HaMifraz,330,"1,259",-0.069,204,5,5
708,עמקה,Amqa,310,822,0.169,264,6,6
785,אחיהוד,Ahihud,310,916,0.197,278,6,6
1183,כליל,Kelil,370,829,0.214,284,6,6
572,בית העמק,Bet HaEmeq,330,730,0.250,306,6,7
297,כפר מסריק,Kefar Masaryk,330,832,0.320,334,6,7
1068,אדמית,Adamit,330,265,0.542,432,7,7
576,כברי,Kabri,330,"1,098",0.688,507,7,7
409,יחיעם,Yehi'am,330,716,0.791,559,7,7
313,אפק,Afeq,330,762,0.792,560,7,7
432,שמרת,Shamerat,330,612,0.808,569,7,7
280,חניתה,Hanita,330,744,0.831,577,7,7
1256,אשרת,Asherat,370,585,0.842,582,7,7
294,אילון,Elon,330,"1,066",0.844,584,7,8
595,לוחמי הגיטאות,Lohame HaGeta'ot,330,789,0.852,587,7,7
792,נתיב השיירה,Netiv HaShayyara,310,507,0.880,608,7,7
463,געתון,Ga'ton,330,699,0.947,640,7,8
674,לימן,Liman,310,674,0.977,655,7,7
454,סער,Sa'ar,330,910,0.979,656,7,8
559,בוסתן הגליל,Bustan HaGalil,310,"1,305",1.005,665,7,7
574,גשר הזיו,Gesher HaZiw,330,"1,517",1.029,675,7,7
1143,נס עמים,Nes Ammim,350,467,1.047,685,8,8
579,כפר ראש הנקרה,Kefar Rosh HaNiqra,330,"1,406",1.088,703,8,8
575,יסעור,Yas'ur,330,869,1.098,710,8,8
589,בצת,Bezet,310,368,1.098,712,8,7
325,מצובה,Mazzuva,330,"1,157",1.098,713,8,8
712,בן עמי,Ben Ammi,310,786,1.256,785,8,8
390,רגבה,Regba,320,"1,102",1.263,787,8,8
282,שבי ציון,Shave Ziyyon,320,"1,270",1.512,871,9,9
3779,כוכב יעקב,Kokhav Ya'aqov,180,"9,521",-1.525,25,2,2
3648,מתתיהו,Mattityahu,320,921,-1.083,56,3,2
3767,נחליאל,Nahali'el,370,722,-1.062,58,3,3
3752,מעלה לבונה,Ma'ale Levona,370,976,-0.758,90,3,3
3823,גני מודיעין,Ganne Modi'in,190,"2,686",-0.653,109,3,4
3763,גבע בנימין,Geva Binyamin,180,"5,854",-0.456,130,4,5
3576,מצפה יריחו,Mizpe Yeriho,190,"2,637",-0.438,131,4,4
3564,כוכב השחר,Kokhav HaShahar,190,"2,515",-0.409,140,4,5
3658,עטרת,Ateret,370,954,-0.408,141,4,4
3641,שילה,Shilo,190,"4,783",-0.402,144,4,4
3765,עלי,Eli,190,"4,613",-0.364,149,4,5
3709,מבוא חורון,Mevo Horon,192,"2,693",-0.194,175,5,5
3824,עמיחי,Ammihay,370,238,-0.133,188,5,5
3788,טלמון,Talmon,190,"5,142",-0.104,195,5,5
3573,נווה צוף,Neve Tsuf,370,"1,543",-0.009,222,5,5
3651,מעלה מכמש,Ma'ale Mikhmas,370,"1,691",0.043,232,5,6
3659,פסגות,Pesagot,190,"2,077",0.106,245,6,6
3617,עפרה,Ofra,190,"3,016",0.238,296,6,6
3747,דולב,Dolev,370,"1,569",0.282,316,6,6
3565,רימונים,Rimmonim,370,715,0.336,342,6,6
3575,בית חורון,Bet Horon,370,"1,468",0.671,496,7,7
3787,נעלה,Na'ale,190,"2,608",0.672,498,7,7
3715,עלמון,Almon,370,"1,442",0.772,550,7,7
3638,כפר אדומים,Kefar Adummim,190,"4,927",0.800,565,7,7
3770,חשמונאים,Hashmona'im,190,"2,646",0.878,606,7,7
3655,"ניל""י",Nili,370,"1,878",1.032,678,7,8
3644,גבעון החדשה,Giv'on HaHadasha,370,"1,020",1.208,761,8,8
3796,כפר האורנים,Kefar HaOranim,190,"2,606",1.727,942,9,9
1325,כפר זוהרים,Kefar Zoharim,340,149,-1.695,22,2,2
521,עין נקובא,Ein Naqquba,290,"3,676",-1.153,50,2,2
2039,קריית יערים (מוסד),Qiryat Ye'arim(Institute),340,169,-1.018,61,3,2
1056,"עין כרם-בי""ס חקלאי",En Karem-B.S.Haqla'i,340,164,-0.863,78,3,3
127,רמת רחל,Ramat Rahel,330,536,-0.802,82,3,4
514,עין ראפה,Ein Rafa,450,"1,216",-0.723,99,3,3
10,תירוש,Tirosh,310,454,-0.432,134,4,4
465,צובה,Zova,330,623,-0.281,158,5,5
751,בית מאיר,Bet Me'ir,310,818,-0.233,165,5,5
805,ישעי,Yish'i,310,857,-0.128,189,5,5
794,עגור,Agur,310,552,-0.049,211,5,5
27,שדות מיכה,Sedot Mikha,310,390,-0.045,214,5,5
1134,יד השמונה,Yad HaShemona,320,294,-0.044,215,5,6
809,נחם,Naham,310,561,-0.020,219,5,6
816,זנוח,Zanoah,310,539,0.017,228,5,5
1071,נווה מיכאל,Newe Mikha'el,310,766,0.128,250,6,6
776,מחסיה,Mahseya,310,492,0.179,271,6,6
859,כסלון,Kesalon,310,487,0.197,277,6,7
1123,אדרת,Adderet,310,922,0.305,325,6,6
39,גפן,Gefen,310,422,0.345,344,6,6
52,לוזית,Luzit,310,860,0.394,366,7,6
799,זכריה,Zekharya,310,"1,146",0.414,375,7,7
796,צלפון,Zelafon,310,"1,080",0.460,394,7,7
740,אשתאול,Eshta'ol,310,"1,231",0.466,397,7,6
823,בר גיורא,Bar Giyyora,310,717,0.480,406,7,7
778,תרום,Tarum,310,970,0.536,431,7,7
752,תעוז,Ta'oz,310,648,0.587,450,7,7
864,בקוע,Beqoa,310,827,0.651,490,7,7
780,אורה,Ora,310,"1,257",0.663,493,7,7
59,נחושה,Nehusha,310,"1,505",0.699,512,7,7
567,צרעה,Zor'a,330,946,0.733,531,7,7
1079,צפרירים,Zafririm,310,417,0.801,566,7,7
783,אבן ספיר,Even Sappir,310,686,0.847,585,7,7
822,מטע,Matta,310,961,0.853,589,7,7
825,נס הרים,Nes Harim,310,"1,473",0.856,591,7,7
693,"נתיב הל""ה",Netiv HaLamed-He,330,670,0.857,592,7,7
787,גבעת יערים,Giv'at Ye'arim,310,"1,398",0.941,634,7,7
779,עמינדב,Amminadav,310,"1,119",0.998,663,7,8
777,נחשון,Nahshon,330,603,1.017,670,7,8
78,קריית ענבים,Qiryat Anavim,330,455,1.026,674,7,8
1070,אביעזר,Avi'ezer,310,888,1.031,676,7,7
771,מבוא ביתר,Mevo Betar,320,"1,011",1.069,694,8,8
919,גבעת ישעיהו,Giv'at Yesha'yahu,310,807,1.173,740,8,8
464,הראל,Har'el,330,269,1.199,753,8,8
742,מסילת ציון,Mesillat Ziyyon,310,"1,214",1.237,773,8,8
1113,צור הדסה,Zur Hadassa,170,"11,930",1.244,778,8,8
672,בית נקופה,Bet Neqofa,310,758,1.329,811,8,8
462,טל שחר,Tal Shahar,310,"1,373",1.342,816,8,9
1043,גיזו,Gizo,350,207,1.366,824,8,9
460,רמת רזיאל,Ramat Razi'el,310,662,1.434,848,8,9
364,כפר אוריה,Kefar Uriyya,310,914,1.435,849,8,9
710,בית זית,Bet Zayit,310,"1,655",1.468,856,8,9
1114,שריגים (לי-און),Sarigim (Li-On),350,"1,020",1.476,860,9,8
741,שואבה,Sho'eva,310,600,1.486,868,9,9
286,מעלה החמישה,Ma'ale HaHamisha,330,845,1.537,880,9,9
1254,נטף,Nataf,370,478,1.728,944,9,9
456,שורש,Shoresh,320,"1,137",1.737,947,9,9
405,נווה אילן,Newe Ilan,320,996,1.775,955,9,9
1259,נווה שלום,Newe Shalom,350,356,1.811,962,9,9
208,מוצא עילית,Moza Illit,350,"1,524",2.017,986,9,9
868,אלוני יצחק,Allone Yizhaq,340,305,-1.133,54,2,2
189,כפר פינס,Kefar Pines,310,"1,106",-0.793,86,3,3
72,גן שמואל,Gan Shemu'el,330,948,-0.647,110,3,3
1316,אל -עריאן,Al-Aryan,450,191,-0.431,135,4,4
649,מייסר,Meiser,290,"2,083",-0.379,146,4,4
2024,אום אל-קוטוף,Umm Al-Qutuf,450,"1,169",-0.146,185,5,5
139,עין שמר,En Shemer,330,618,0.134,253,6,5
648,מצר,Mezer,330,390,0.426,382,7,7
1370,מצפה אילן,Mitspe Ilan,370,752,0.475,399,7,7
444,רגבים,Regavim,330,528,0.719,521,7,7
344,מענית,Ma'anit,330,874,0.840,581,7,7
310,כפר גליקסון,Kefar Glikson,330,352,0.908,622,7,8
375,מגל,Maggal,330,"1,178",0.930,633,7,8
2008,שדה יצחק,Sede Yizhaq,310,649,0.944,636,7,7
617,ברקאי,Barqay,330,546,0.969,651,7,7
1243,קציר,Qazir,190,"2,933",1.016,669,7,7
2055,מאור,Ma'or,310,"1,441",1.065,692,8,7
223,עין עירון,En Iron,310,587,1.201,755,8,8
1128,מי עמי,Me Ammi,320,363,1.364,823,8,9
2003,תלמי אלעזר,Talme El'azar,310,951,1.537,877,9,9
213,משמרות,Mishmarot,330,"1,234",1.575,889,9,9
715,להבות חביבה,Lahavot Haviva,330,"1,054",1.602,899,9,9
225,גן השומרון,Gan Hashomeron,310,840,1.605,902,9,9
755,גורן,Goren,310,686,-1.186,47,2,7
281,פקיעין חדשה,Peqi'in Hadasha,310,516,-0.051,209,5,6
1173,לפידות,Lappidot,310,129,0.177,270,6,7
795,יערה,Ya'ara,310,806,0.245,304,6,6
1184,מתת,Mattat,370,222,0.246,305,6,7
1045,שתולה,Shetula,310,320,0.251,307,6,6
603,אלקוש,Elqosh,310,279,0.335,341,6,7
892,עבדון,Avdon,310,685,0.343,343,6,7
662,חוסן,Hosen,310,"1,199",0.398,367,7,7
1220,אבירים,Abbirim,370,296,0.429,383,7,7
1206,גיתה,Gitta,370,300,0.480,405,7,8
1147,נטועה,Netu'a,310,327,0.510,419,7,7
813,עין יעקב,En Ya'aqov,310,"1,214",0.530,428,7,7
1219,גורנות הגליל,Gornot HaGalil,350,245,0.619,469,7,7
1130,כפר רוזנואלד (זרעית),Kefar Rozenwald(Zarit),310,237,0.637,479,7,7
1081,אבן מנחם,Even Menahem,310,278,0.671,497,7,7
774,צוריאל,Zuri'el,310,391,0.722,522,7,7
570,מעונה,Me'ona,310,974,0.823,573,7,7
1314,נווה זיו,Newe Ziv,370,"1,012",0.866,598,7,8
614,שומרה,Shomera,310,366,0.881,609,7,7
1205,מנות,Manot,310,498,0.885,612,7,7
1208,הילה,Hilla,370,562,1.267,788,8,8
1338,כדיתה,Kaddita,370,179,-1.627,24,2,2
607,מירון,Meron,310,"1,091",-1.290,38,2,2
1294,אור הגנוז,Or HaGanuz,320,599,-1.029,60,3,2
546,עין אל-אסד,Ein Al-Asad,450,904,-0.467,128,4,4
1191,בר יוחאי,Bar Yohay,370,"1,085",-0.379,147,4,5
688,עלמה,Alma,310,705,-0.301,156,5,5
1214,טפחות,Tefahot,310,521,-0.275,161,5,5
368,בירייה,Biriyya,350,849,-0.171,180,5,5
605,כפר שמאי,Kefar Shammay,310,575,-0.095,198,5,5
846,שפר,Shefer,310,435,-0.060,205,5,5
431,דלתון,Dalton,310,870,0.095,242,6,5
609,כפר חושן,Kefar Hoshen,310,805,0.128,249,6,6
1047,חזון,Hazon,310,290,0.319,333,6,6
1064,אמירים,Amirim,310,870,0.322,335,6,6
1115,אביבים,Avivim,310,470,0.355,349,6,6
540,ריחאנייה,Reihaniyye,450,"1,228",0.357,350,6,6
1229,כלנית,Kallanit,310,258,0.409,373,7,7
1067,"דוב""ב",Dovev,310,477,0.417,377,7,7
527,שזור,Shezor,310,315,0.535,430,7,7
1297,כפר חנניה,Kefar Hananya,370,762,0.571,445,7,7
664,כרם בן זמרה,Kerem Ben Zimra,310,529,0.627,472,7,7
1230,לבנים,Livnim,310,473,0.762,548,7,7
1212,עמוקה,Amuqqa,370,157,0.989,659,7,8
599,פרוד,Parod,330,606,1.212,763,8,8
709,תפרח,Tifrah,191,"2,231",-2.222,11,1,1
1377,שבי דרום,Shave Darom,310,405,-0.090,200,5,4
750,פדויים,Peduyim,310,503,0.325,336,6,6
749,פטיש,Pattish,310,998,0.364,352,6,6
2050,"תלמי ביל""ו",Talme Bilu,310,534,0.383,359,7,6
762,בטחה,Bitha,310,791,0.418,379,7,7
2059,"פעמי תש""ז",Pa'ame Tashaz,310,586,0.438,388,7,7
2049,שדה צבי,Sede Zevi,310,687,0.479,403,7,7
789,רנן,Rannen,310,717,0.482,407,7,7
748,מסלול,Maslul,310,902,0.514,422,7,7
2048,ניר עקיבא,Nir Aqiva,310,709,0.651,489,7,7
71,אשבול,Eshbol,310,630,0.707,516,7,7
1080,מבועים,Mabbu'im,350,"1,250",0.755,546,7,7
736,גילת,Gilat,310,"1,557",0.781,554,7,7
414,קלחים,Qelahim,310,679,0.805,568,7,7
2021,אשל הנשיא,Eshel HaNasi,340,141,1.243,776,8,5
2047,ניר משה,Nir Moshe,310,607,1.252,782,8,8
1335,ערב אל נעים,Arab Al Naim,450,848,-2.271,10,1,1
1317,דמיידה,Demeide,450,548,-2.076,14,1,1
1332,חוסנייה,Hussniyya,450,822,-1.136,53,2,2
1245,סלמה,Sallama,290,"3,476",-0.985,65,3,2
1334,ראס אל-עין,Ras Al-Ein,450,410,-0.935,68,3,3
1331,כמאנה,Kamane,450,"1,618",-0.660,108,3,3
1276,אשבל,Eshbal,330,141,0.170,266,6,6
1203,הררית,Hararit,370,641,0.437,387,7,7
1171,לוטם,Lotem,330,783,0.689,508,7,7
1178,מורשת,Moreshet,370,"1,592",0.740,533,7,7
1209,חרשים,Harashim,370,377,0.741,536,7,7
1112,יודפת,Yodefat,320,910,0.801,567,7,7
1188,אשחר,Eshhar,370,985,0.908,621,7,7
1202,מכמנים,Mikhmannim,370,597,0.950,642,7,8
1185,פלך,Pelekh,330,196,0.958,647,7,8
1163,מורן,Moran,330,497,0.990,660,7,8
1201,כמון,Kammon,370,"1,412",1.054,687,8,7
1275,אבטליון,Avtalyon,370,475,1.112,716,8,8
1172,תובל,Tuval,330,344,1.122,722,8,7
1180,צביה,Zviyya,370,328,1.140,728,8,8
1272,חלוץ,Haluz,370,537,1.143,729,8,8
1235,שורשים,Shorashim,320,567,1.212,764,8,8
1207,לבון,Lavon,350,727,1.340,815,8,9
1228,רקפת,Raqqefet,370,"1,057",1.423,843,8,9
1174,מנוף,Manof,310,858,1.476,861,9,9
1138,יעד,Ya'ad,310,728,1.537,878,9,9
1222,"מצפה אבי""ב",Mizpe Aviv,370,"1,076",1.581,890,9,9
1221,צורית,Zurit,370,943,1.589,895,9,9
1160,שכניה,Shekhanya,370,781,1.604,901,9,9
1226,יובלים,Yuvallim,370,"1,102",1.623,910,9,9
1204,גילון,Gilon,370,"1,126",1.700,930,9,9
1181,טל-אל,Tal-El,370,"1,216",1.708,933,9,9
917,עצמון שגב,Atsmon Segev,370,"1,203",1.724,940,9,9
1179,קורנית,Qoranit,370,915,1.725,941,9,9
1348,ביר הדאג',Bir Hadage,280,"6,158",-3.377,2,1,1
1375,אבו תלול,Abu Tulul,290,"2,327",-3.012,4,1,1
1347,קצר א-סר,Qasr A-Sir,290,"2,727",-2.410,9,1,1
1342,אבו קורינאת (יישוב),Abu Qureinat,290,"2,078",-2.024,16,1,1
2033,בית חלקיה,Bet Hilqiyya,310,"1,446",-1.484,27,2,2
440,יסודות,Yesodot,320,"1,016",-1.478,28,2,2
577,יד בנימין,Yad Binyamin,190,"4,252",0.097,243,6,5
1372,נצר חזני,Nezer Hazzani,310,544,0.297,322,6,6
363,חפץ חיים,Hafez Hayyim,330,586,0.406,371,7,6
588,בני ראם,Bene Re'em,310,"1,416",0.583,448,7,7
1371,גני טל,Ganne Tal,370,909,0.634,478,7,7
264,שער הגולן,Sha'ar HaGolan,330,510,-0.501,123,4,5
1225,רביד,Ravid,330,143,-0.146,184,5,..
702,האון,HaOn,330,183,-0.081,202,5,5
57,כנרת (קבוצה),Kinneret(Qevuza),330,701,-0.036,216,5,5
273,עין גב,En Gev,330,662,0.160,259,6,5
143,בית זרע,Bet Zera,330,626,0.196,276,6,6
1105,פורייה - נווה עובד,Poriyya-Newe Oved,350,"1,290",0.237,295,6,6
62,דגניה א',Deganya Alef,330,523,0.307,326,6,6
374,חוקוק,Huqoq,330,627,0.332,338,6,6
263,מסדה,Massada,330,376,0.348,345,6,6
262,גינוסר,Ginnosar,330,596,0.418,378,7,6
188,אשדות יעקב (מאוחד),Ashdot Ya'aqov(Me'uhad),330,645,0.458,393,7,7
79,דגניה ב',Deganya Bet,330,688,0.498,416,7,7
719,תל קציר,Tel Qazir,330,500,0.552,439,7,7
1104,פורייה - כפר עבודה,Poriyya-Kefar Avoda,350,380,0.560,442,7,7
678,מעגן,Ma'agan,330,394,0.646,485,7,7
176,אפיקים,Afiqim,330,"1,489",0.680,500,7,6
199,אשדות יעקב (איחוד),Ashdot Ya'aqov(Ihud),330,"1,019",0.686,506,7,7
1313,פורייה עילית,Poriyya Illit,350,"1,233",0.749,538,7,7
330,אלומות,Alummot,330,436,0.895,618,7,7
1125,אלמגור,Almagor,310,423,1.247,781,8,8
63,כנרת (מושבה),Kinneret(Moshava),350,687,1.473,859,9,8
304,שדה אליהו,Sede Eliyyahu,330,690,-0.790,87,3,3
2016,רוויה,Rewaya,310,445,-0.595,113,4,5
268,טירת צבי,Tirat Zevi,330,954,-0.492,124,4,4
383,"עין הנצי""ב",En HaNaziv,330,621,-0.102,196,5,5
1282,מירב,Merav,330,744,-0.049,212,5,5
1127,מעלה גלבוע,Ma'ale Gilboa,330,830,0.075,239,6,5
854,רחוב,Rehov,310,406,0.167,262,6,5
295,כפר רופין,Kefar Ruppin,330,525,0.196,275,6,6
296,נווה איתן,Newe Etan,330,305,0.204,281,6,5
2026,ירדנה,Yardena,310,370,0.222,286,6,6
48,מנחמיה,Menahemya,350,"1,064",0.230,291,6,6
298,מסילות,Mesillot,330,463,0.243,301,6,6
265,בית יוסף,Bet Yosef,310,488,0.269,314,6,5
2057,שדי תרומות,Sede Terumot,310,478,0.312,330,6,6
439,שלוחות,Sheluhot,330,457,0.377,356,7,7
256,ניר דוד (תל עמל),Nir Dawid (Tel Amal),330,743,0.597,455,7,7
1283,תל תאומים,Tel Te'omim,370,603,0.628,473,7,7
590,נווה אור,Newe Ur,330,350,0.697,510,7,7
343,חמדיה,Hamadya,330,421,0.732,529,7,7
272,מעוז חיים,Ma'oz Hayyim,330,502,0.784,557,7,7
437,רשפים,Reshafim,330,"1,200",0.833,578,7,7
259,שדה נחום,Sede Nahum,330,982,0.833,579,7,7
305,גשר,Gesher,330,441,0.853,588,7,7
1318,מבואות ים,Mevo'ot Yam,340,364,-2.200,12,1,1
186,נעורים,Ne'urim,340,404,-0.681,102,3,3
897,מדרשת רופין,Midreshet Ruppin,340,226,-0.175,179,5,5
197,מעברות,Ma'barot,330,972,0.020,229,5,6
217,"כפר הרא""ה",Kefar HaRo'e,310,"1,483",0.236,294,6,6
224,שושנת העמקים,Shoshannat HaAmaqim,350,491,0.243,303,6,6
872,גאולי תימן,Ge'ule Teman,310,358,0.411,374,7,6
194,משמר השרון,Mishmar HaSharon,330,613,0.518,423,7,7
173,גבעת חיים (מאוחד),Giv'at Hayyim(Me'uhad),330,"1,057",0.613,465,7,7
204,אלישיב,Elyashiv,310,716,0.640,481,7,7
850,אחיטוב,Ahituv,310,"1,091",0.772,551,7,7
422,חרב לאת,Herev Le'Et,310,932,0.787,558,7,6
167,עין החורש,En HaHoresh,330,854,0.821,572,7,7
2018,גבעת חיים (איחוד),Giv'at Hayyim (Ihud),330,"1,207",0.973,653,7,7
235,חבצלת השרון,Havazzelet HaSharon,310,462,1.090,706,8,8
377,המעפיל,HaMa'pil,330,871,1.205,759,8,8
423,העוגן,HaOgen,330,952,1.225,768,8,8
1319,בת חפר,Bat Hefer,180,"5,240",1.235,772,8,8
698,בורגתה,Burgeta,310,"1,147",1.246,780,8,8
737,עולש,Olesh,310,"1,184",1.289,795,8,9
205,חגלה,Hogla,310,868,1.360,821,8,9
758,יד חנה,Yad Hanna,330,986,1.366,825,8,8
734,גן יאשיה,Gan Yoshiyya,310,"1,019",1.398,839,8,9
2043,בחן,Bahan,330,"1,053",1.400,840,8,9
1102,צוקי ים,Zuqi Yam,350,300,1.424,844,8,9
680,אומץ,Omez,310,824,1.429,846,8,9
382,מכמורת,Mikhmoret,310,"1,504",1.516,872,9,9
233,כפר ידידיה,Kefar Yedidya,310,751,1.548,883,9,9
193,כפר חיים,Kefar Hayyim,310,640,1.571,888,9,9
175,אביחיל,Avihayil,310,"1,402",1.603,900,9,9
697,בארותיים,Be'erotayim,310,"1,155",1.614,905,9,9
807,חניאל,Hanni'el,310,903,1.660,919,9,9
115,חופית,Hofit,350,824,1.669,920,9,9
373,בית הלוי,Bet HaLewi,310,840,1.670,921,9,9
191,הדר עם,Hadar Am,310,696,1.677,924,9,9
387,כפר מונש,Kefar Monash,310,926,1.702,932,9,9
190,כפר ויתקין,Kefar Vitkin,310,"1,982",1.711,934,9,9
219,חיבת ציון,Hibbat Ziyyon,310,844,1.737,948,9,9
877,בית חירות,Bet Herut,320,904,1.805,957,9,9
326,בית יצחק-שער חפר,Bet Yizhaq-Sh. Hefer,191,"2,144",1.818,963,9,9
1361,בת חן,Bat Hen,350,430,1.830,964,9,9
1077,גבעת שפירא,Giv'at Shappira,310,394,1.959,979,9,10
200,בית ינאי,Bet Yannay,310,363,1.962,980,9,10
252,ביתן אהרן,Bitan Aharon,310,142,2.097,992,9,8
942,סואעד (חמרייה)*,Sawa'id(Hamriyye),450,198,-1.256,42,2,2
994,מנשית זבדה,Manshiyyet Zabda,450,"1,470",-1.085,55,3,3
106,כפר גדעון,Kefar Gid'on,310,351,-0.412,139,4,4
104,מזרע,Mizra,330,792,0.389,363,7,7
1249,הרדוף,Harduf,330,946,0.447,392,7,7
142,שדה יעקב,Sede Ya'aqov,310,"1,094",0.557,440,7,7
66,מרחביה (קיבוץ),Merhavya(Qibbuz),330,"1,274",0.596,453,7,7
457,גזית,Gazit,330,793,0.611,461,7,7
436,עין דור,En Dor,330,"1,043",0.700,513,7,7
285,אלונים,Allonim,330,548,0.725,524,7,7
80,נהלל,Nahalal,310,"1,248",0.751,540,7,8
407,דברת,Daverat,330,545,0.793,561,7,7
135,רמת דוד,Ramat Dawid,330,542,0.876,605,7,7
134,יפעת,Yif'at,330,"1,194",0.878,607,7,7
126,שריד,Sarid,330,849,0.925,629,7,7
92,גיניגר,Ginnegar,330,645,0.946,639,7,7
132,כפר ברוך,Kefar Barukh,310,667,1.002,664,7,7
1330,אחוזת ברק,Ahuzzat Baraq,190,"2,427",1.068,693,8,8
1257,חנתון,Hannaton,330,"1,006",1.098,711,8,8
103,תל עדשים,Tel Adashim,310,"1,528",1.113,718,8,8
1186,הושעיה,Hosha'aya,190,"2,092",1.132,724,8,8
140,כפר יהושע,Kefar Yehoshua,310,"1,244",1.146,730,8,8
248,בית שערים,Bet She'arim,310,813,1.187,749,8,8
133,גבת,Gevat,330,945,1.253,783,8,8
97,מרחביה (מושב),Merhavya(Moshav),310,663,1.368,827,8,8
613,ציפורי,Zippori,310,892,1.425,845,8,8
684,היוגב,HaYogev,310,790,1.435,850,8,8
94,בלפוריה,Balfurya,310,531,1.469,857,8,8
192,כפר החורש,Kefar HaHoresh,330,716,1.473,858,9,8
430,בית לחם הגלילית,Bet Lehem HaGelilit,310,823,1.555,886,9,9
1182,אלון הגליל,Allon HaGalil,310,"1,131",1.622,908,9,9
677,הסוללים,HaSolelim,330,988,1.623,909,9,9
1337,שמשית,Shimshit,190,"2,481",1.695,928,9,9
1199,עדי,Adi,370,"1,867",1.761,953,9,9
429,אלוני אבא,Allone Abba,320,"1,000",1.876,970,9,9
1288,גבעת אלה,Giv'at Ela,370,"1,887",2.029,987,9,10
1244,תמרת,Timrat,370,"1,256",2.160,993,9,10
696,"כפר חב""ד",Kefar Habad,180,"6,718",-0.412,138,4,4
797,אחיעזר,Ahi'ezer,310,"1,849",-0.407,142,4,5
798,יגל,Yagel,310,919,0.055,236,5,6
788,זיתן,Zetan,310,"1,030",0.296,320,6,6
801,"חמ""ד",Hemed,310,"1,356",0.513,421,7,7
594,צפרייה,Zafriyya,310,"1,035",0.731,528,7,7
729,משמר השבעה,Mishmar HaShiv'a,310,"1,045",1.402,841,8,9
331,ניר צבי,Nir Zevi,310,"1,272",1.483,865,9,9
836,גנות,Gannot,310,585,1.796,956,9,9
3785,משכיות,Maskiyyot,370,341,-1.289,39,2,2
3609,חמרה,Hamra,310,273,-1.197,46,2,5
3607,"ייט""ב",Yitav,320,296,-0.918,71,3,4
3825,מבואות יריחו,Mevo'ot Yeriho,370,228,-0.742,95,3,..
3782,רותם,Rotem,370,262,-0.504,122,4,4
3646,חמדת,Hemdat,370,342,-0.118,192,5,5
3606,גלגל,Gilgal,330,222,-0.087,201,5,5
3566,יפית,Yafit,310,221,0.005,225,5,6
3613,גיתית,Gittit,310,498,0.200,279,6,6
3599,מחולה,Mehola,310,621,0.222,287,6,6
3578,שדמות מחולה,Shadmot Mehola,320,677,0.231,292,6,5
3614,מכורה,Mekhora,310,186,0.733,530,7,8
3605,משואה,Massu'a,310,263,0.751,541,7,8
3598,ארגמן,Argaman,310,133,0.810,570,7,7
3555,נתיב הגדוד,Netiv HaGedud,310,220,0.864,597,7,8
3612,בקעות,Beqa'ot,310,186,1.060,689,8,8
3615,פצאל,Peza'el,310,360,1.081,697,8,9
3619,רועי,Ro'i,310,170,1.090,707,8,7
3713,"נעמ""ה",Na'ama,310,197,1.238,774,8,8
3558,תומר,Tomer,310,301,1.483,864,9,9
1195,ניצנה (קהילת חינוך),Nizzana (Qehilat Hinuh),340,408,-0.696,100,3,4
354,רביבים,Revivim,330,"1,095",-0.224,166,5,5
1340,מרחב עם,Merhav Am,370,521,-0.196,174,5,5
421,משאבי שדה,Mash'abbe Sade,330,474,0.075,238,6,5
885,שדה בוקר,Sede Boqer,330,469,0.142,255,6,5
1291,כמהין,Kemehin,310,250,0.297,321,6,7
1152,אשלים,Ashalim,370,680,0.351,347,6,7
1260,רתמים,Retamim,320,608,0.408,372,7,7
1278,באר מילכה,Be'er Milka,310,197,0.603,458,7,6
1140,מדרשת בן גוריון,Midreshet Ben Gurion,350,"1,955",0.715,519,7,7
1177,טללים,Telalim,330,591,0.914,626,7,7
1280,ניצני סיני,Nizzane Sinay,310,297,1.345,817,8,8
803,יושיביה,Yoshivya,310,733,-0.798,83,3,3
1146,עלומים,Alumim,330,531,-0.663,107,3,3
2064,זרועה,Zeru'a,310,504,-0.221,168,5,5
761,שובה,Shuva,310,722,-0.026,218,5,5
419,סעד,Sa'ad,330,846,0.002,224,5,5
2044,מלילות,Melilot,310,381,0.163,260,6,5
415,שוקדה,Shoqeda,310,635,0.170,267,6,6
398,שרשרת,Sharsheret,310,345,0.171,268,6,6
865,שיבולים,Shibbolim,310,291,0.187,273,6,6
1083,תושייה,Tushiyya,350,859,0.209,283,6,5
723,בית הגדי,Bet HaGaddi,310,886,0.229,290,6,6
1065,זמרת,Zimrat,310,683,0.304,324,6,6
1082,מעגלים,Ma'galim,190,"2,058",0.366,353,6,6
2014,גבעולים,Giv'olim,310,422,0.403,369,7,6
1095,כפר מימון,Kefar Maymon,310,427,0.619,468,7,7
665,תקומה,Tequma,310,737,1.315,803,8,8
3749,יצהר,Yizhar,190,"2,020",-0.982,66,3,2
3762,איתמר,Itamar,370,"1,354",-0.912,73,3,3
3710,ברכה,Berakha,190,"3,062",-0.775,88,3,3
3572,כפר תפוח,Kefar Tappuah,370,"1,522",-0.563,117,4,4
3571,שבי שומרון,Shave Shomeron,370,"1,049",-0.488,125,4,5
3579,אלון מורה,Elon More,190,"2,009",-0.459,129,4,4
3569,מבוא דותן,Mevo Dotan,370,509,-0.318,154,5,5
3717,חרמש,Hermesh,370,235,-0.181,177,5,5
3712,ענב,Enav,370,983,-0.050,210,5,6
3793,אבני חפץ,Avne Hefez,190,"2,223",-0.047,213,5,5
3795,רבבה,Revava,190,"2,908",0.153,258,6,6
3643,חיננית,Hinnanit,370,"1,513",0.169,265,6,5
3751,מגדלים,Migdalim,370,543,0.187,274,6,6
3822,רחלים,Rehelim,370,975,0.223,288,6,6
3746,קריית נטפים,Qiryat Netafim,370,991,0.238,297,6,6
3744,ברוכין,Brukhin,190,"2,129",0.283,317,6,6
3790,נופים,Nofim,350,"1,042",0.310,327,6,6
3768,פדואל,Pedu'el,190,"2,098",0.483,408,7,7
3647,יקיר,Yaqir,190,"2,484",0.524,424,7,7
3649,שקד,Shaqed,370,"1,081",0.547,437,7,7
3778,עץ אפרים,Ez Efrayim,190,"2,519",0.572,447,7,7
3727,עלי זהב,Ale Zahav,190,"4,280",0.601,457,7,7
3720,שערי תקווה,Sha'are Tiqwa,180,"6,122",0.883,610,7,7
3791,צופים,Zufim,190,"2,488",0.889,616,7,7
3568,ריחן,Rehan,320,384,0.981,657,7,7
3654,ברקן,Barqan,190,"2,005",1.075,696,8,8
3567,סלעית,Sal'it,310,"1,426",1.483,866,9,9
338,איבים,Ibbim,340,721,-3.192,3,1,1
844,נחל עוז,Nahal Oz,330,471,0.404,370,7,7
811,יכיני,Yakhini,310,724,0.432,386,7,7
362,רוחמה,Ruhama,330,738,0.920,627,7,7
348,ניר עם,Nir Am,330,683,1.007,666,7,8
714,ארז,Erez,330,608,1.008,667,7,8
668,מפלסים,Mefallesim,330,"1,037",1.088,704,8,8
424,גבים,Gevim,330,617,1.095,709,8,8
336,דורות,Dorot,330,870,1.185,745,8,8
67,אור הנר,Or HaNer,330,809,1.270,789,8,8
845,כפר עזה,Kefar Azza,330,765,1.293,796,8,8
428,ברור חיל,Beror Hayil,330,996,1.516,873,9,9
766,קוממיות,Qomemiyyut,310,555,-2.150,13,1,1
1145,אלומה,Alumma,350,"1,163",-0.404,143,4,3
37,איתן,Etan,310,520,-0.214,171,5,5
400,אבן שמואל,Even Shemu'el,190,"2,279",-0.187,176,5,6
815,זבדיאל,Zavdi'el,310,615,-0.126,191,5,5
873,שלווה,Shalwa,310,584,-0.107,194,5,5
818,זרחיה,Zerahya,310,755,-0.091,199,5,5
15,נועם,No'am,310,360,-0.027,217,5,5
826,עוזה,Uza,310,406,0.040,231,5,5
2051,רווחה,Rewaha,310,567,0.055,235,5,5
1098,מרכז שפירא,Merkaz Shappira,190,"2,589",0.258,309,6,6
620,משואות יצחק,Massu'ot Yizhaq,320,685,0.286,318,6,5
622,עין צורים,En Zurim,330,861,0.328,337,6,6
692,שפיר,Shafir,310,911,0.623,470,7,7
2042,עין גדי,En Gedi,330,588,0.256,308,6,6
1124,נאות הכיכר,Ne'ot HaKikkar,310,443,0.730,526,7,8
1261,הר עמשא,Har Amasa,330,239,0.783,556,7,7
1251,עין תמר,En Tamar,310,197,1.585,893,9,10